Rynkowe Ceny Towar√≥w:,2005_01,2005_02,2005_03,2005_04,2005_05,2005_06,2005_07,2005_08,2005_09,2005_10,2005_11,2005_12,2006_01,2006_02,2006_03,2006_04,2006_05,2006_06,2006_07,2006_08,2006_09,2006_10,2006_11,2006_12,2007_01,2007_02,2007_03,2007_04,2007_05,2007_06,2007_07,2007_08,2007_09,2007_10,2007_11,2007_12,2008_01,2008_02,2008_03,2008_04,2008_05,2008_06,2008_07,2008_08,2008_09,2008_10,2008_11,2008_12,2009_01,2009_02,2009_03,2009_04,2009_05,2009_06,2009_07,2009_08,2009_09,2009_10,2009_11,2009_12,2010_01,2010_02,2010_03,2010_04,2010_05,2010_06,2010_07,2010_08,2010_09,2010_10,2010_11,2010_12,2011_01,2011_02,2011_03,2011_04,2011_05,2011_06,2011_07,2011_08,2011_09,2011_10,2011_11,2011_12,2012_01,2012_02,2012_03,2012_04,2012_05,2012_06,2012_07,2012_08,2012_09,2012_10,2012_11,2012_12,2013_01,2013_02,2013_03,2013_04,2013_05,2013_06,2013_07,2013_08,2013_09,2013_10,2013_11,2013_12,2014_01,2014_02,2014_03,2014_04,2014_05,2014_06,2014_07,2014_08,2014_09,2014_10,2014_11,2014_12,2015_01,2015_02,2015_03,2015_04,2015_05,2015_06,2015_07,2015_08,2015_09,2015_10,2015_11,2015_12,2016_01,2016_02,2016_03,2016_04,2016_05,2016_06,2016_07,2016_08,2016_09,2016_10,2016_11,2016_12,2017_01,2017_02,2017_03
All index (Index),86.61,88.89,97.31,96.61,93.55,99.96,103.03,109.15,109.31,106.77,102.84,105.97,113.12,111.81,113.3,123.21,127.6,125.94,131.03,130.39,119.17,116.05,117.34,120.95,112.99,118.51,122.41,129.03,129.95,133.06,138.29,133.17,140.75,147.9,157.84,156.74,162.46,171.38,181.81,189.74,204.09,215.9,219.9,195.96,176.37,139.18,114.85,98.24,102.49,98.16,100.14,104.16,114.93,128.31,123.52,132.91,127.55,134.81,140.85,140.81,146.05,142.38,148.82,157.93,146.66,143.68,144.25,148.58,150.37,159.6,165.01,174.96,182.37,190.22,199.85,210.38,199.51,196.09,199.11,190.66,188.8,182.94,186.4,184.15,188.49,195.98,201.83,197.55,185.22,170.04,178.1,185.69,187.1,183.28,180.74,182.56,187.58,190.74,183.72,179.02,179.47,179.15,183.52,185.64,185.03,182.3,179.62,184.21,180.03,183.18,183.06,184.61,184.27,185.16,181.28,175.21,168.43,157.53,148.41,130.87,114.8,120.88,117.07,119.57,124.84,122.88,114.79,104.24,103.48,103.47,97.47,90.73,83.05,83.85,92.2,96.2,102.07,105.29,102.62,102.54,102.16,108,106.37,114.31,117.14,118.71,114.16
Non-Fuel index (Index),95.03,97.45,101.98,99.27,98.84,99.69,99.74,100.49,100.07,101.03,101.37,105.05,108.65,111.96,112.72,119.11,129.35,125.81,127.94,127.61,125.15,128.17,130.25,132.35,131.15,134.41,136.65,142.59,144.41,143.85,143.64,138.57,141.25,143.42,142.74,143.14,151.99,163.03,169.78,168.29,166.21,168.93,169.47,159.22,149.64,126.38,116.82,109.69,115.37,112.62,111.24,116.31,123.74,128.93,129.84,137.14,132.36,134.8,140.91,145.89,150.01,147.64,153.15,162.56,155.27,149.74,151.94,160.94,164.77,173.74,178.49,188.35,197.87,205.08,201.74,206.62,198.76,195.15,196.02,192.38,185.99,172.2,167.91,165.12,169.34,174.32,175.94,175.2,169.81,165.88,172.81,170.13,171.05,170.05,168.67,172.47,176.04,177.17,171.9,169.75,170.84,169.42,168.58,166.63,162.7,164.08,163.75,166.95,164.75,166.57,169.77,171.7,168.72,164.57,165.01,162.01,155.9,153.82,153.67,150.75,145.68,142.39,139.12,138.18,139.52,138.14,135.35,130.17,127.77,126.91,122.04,121.67,121.4,121.09,127.59,130.18,131.69,134.8,135.39,132.68,130.5,131.6,136.92,138.71,143.33,145.25,142.73
Food and beverage index (Index),94.92,98.44,103.47,100.42,100.89,101.61,101.87,100.31,99.55,99.75,98.03,100.75,102.37,105.35,105.87,107.99,114.77,115.36,114.58,112.6,108,109.56,113.36,114.48,114.63,118.18,117.85,118.49,120.04,125.05,127.05,128.47,133.98,135.86,137.54,144.41,152.06,166.55,173.52,171.83,172.13,179.78,178.66,167.28,155.22,130.36,122.45,120.22,129.32,125.93,126.88,132.79,142.63,144.52,139.23,138.29,134.79,136.16,140.11,142.62,141.87,140.85,141.58,145.56,144.29,141.94,149.08,155.57,159.57,166.21,168.79,179.68,187.99,194.72,190.59,196.27,190.92,185.96,185,186.3,179.31,168.89,167.19,164.37,166.12,170.96,173.95,173.66,169.61,168.38,183.79,185.14,181.83,178.1,176.44,177.33,178.51,179.29,177.51,177.15,181.69,181.06,179.51,172.05,165.83,166.86,165.53,170.17,168.66,174.42,182.95,184.79,182.23,176.18,173.33,168.86,160.78,159.47,159.96,159.77,155.16,150.19,146.42,145.4,145.13,146.43,149.48,144.2,138.33,137.85,134.65,136.3,136.62,137.04,141.76,145.06,150.22,156.39,153.11,146.95,144.44,145.47,145.51,146.35,153.02,152.2,148.13
Food index (Index),94.88,97.57,102.6,100.16,100.69,101.24,102.25,100.63,100.12,100.32,98.39,101.15,101.73,104.89,105.88,108.32,115.87,116.59,115.23,112.82,107.98,109.86,113.55,114.16,114.29,118.29,117.93,118.4,120.09,125.07,126.95,129.18,134.7,136.59,138.74,145.84,153.48,167.34,174.99,173.71,173.86,181.13,179.9,167.46,154.82,129.83,121.81,118.89,127.84,124.02,125.72,131.88,142.28,144.14,137.82,136.19,131.4,132.42,136.83,138.93,138.39,137.96,139.12,142.95,141.83,138.48,145.82,152.81,157.38,164.64,167.01,178.28,186.07,191.87,187.19,194.06,188.32,183.49,182.3,183.78,176.62,166.61,165.11,162.95,164.8,170.38,174.27,174.49,170.45,169.25,185.48,186.92,182.9,179.34,178.04,179.48,181.06,182.28,180.49,180.16,185.12,185.35,183.41,174.89,168.13,169.27,167.95,172.37,170.54,174.97,182.95,184.81,182.47,175.95,172.58,167.03,158.29,156.4,158.04,158.19,153.27,147.68,144.39,143.25,142.53,143.13,146.23,140.83,134.58,133.9,130.37,132.39,134.19,134.96,139.68,143.44,148.88,155.14,151.26,144.58,141.63,142.93,143.21,145.34,152.31,151.82,147.62
Beverages index (Index),95.27,106.45,111.5,102.83,102.72,104.95,98.37,97.36,94.36,94.51,94.64,97.05,108.25,109.65,105.75,104.93,104.6,104.05,108.56,110.62,108.2,106.8,111.64,117.48,117.71,117.19,117.07,119.27,119.54,124.82,127.97,121.98,127.35,129.13,126.47,131.19,138.97,159.23,159.96,154.51,156.16,167.33,167.22,165.55,158.98,135.24,128.33,132.54,143.01,143.59,137.57,141.23,145.87,148.02,152.22,157.65,166.09,170.7,170.43,176.7,173.97,167.48,164.3,169.63,167,173.92,179.12,181.08,179.75,180.71,185.24,192.58,205.72,221.05,221.99,216.63,214.91,208.74,209.96,209.55,204.16,189.95,186.39,177.49,178.25,176.3,171.01,165.98,161.87,160.38,168.18,168.69,171.9,166.67,161.71,157.51,155.01,151.73,149.92,149.36,150.05,141.46,143.51,145.84,144.64,144.6,143.19,149.86,151.29,169.4,182.98,184.58,179.99,178.33,180.25,185.7,183.83,187.78,177.73,174.37,172.65,173.34,165.14,165.17,169.15,176.93,179.42,175.3,172.94,174.34,174.19,172.47,159.03,156.19,160.98,159.94,162.53,167.92,170.1,168.76,170.39,168.84,166.8,155.66,159.53,155.74,152.84
Industrial Materials index (Index),95.13,96.45,100.48,98.1,96.77,97.75,97.6,100.68,100.59,102.32,104.74,109.39,115,118.64,119.64,130.36,144.09,136.37,141.44,142.77,142.47,146.97,147.31,150.4,147.85,150.79,155.64,166.93,169.03,162.85,160.41,148.77,148.6,151.05,147.99,141.85,151.92,159.48,166,164.72,160.23,157.97,160.2,151.08,144,122.35,111.13,99.04,101.27,99.18,95.43,99.67,104.67,113.18,120.36,135.98,129.9,133.42,141.71,149.2,158.23,154.5,164.85,179.73,166.36,157.61,154.84,166.37,170.02,181.35,188.28,197.11,207.86,215.54,213,217.07,206.69,204.43,207.14,198.52,192.74,175.55,168.64,165.88,172.61,177.72,177.95,176.75,170,163.36,161.72,154.97,160.17,161.91,160.82,167.55,173.55,175.03,166.25,162.28,159.89,157.66,157.53,161.17,159.54,161.27,161.94,163.69,160.8,158.64,156.46,158.48,155.08,152.85,156.6,155.1,150.97,148.12,147.32,141.64,136.11,134.51,131.75,130.88,133.85,129.77,121.08,116.01,117.1,115.85,109.3,106.89,106.03,104.98,113.28,115.16,112.98,112.99,117.5,118.28,116.42,117.59,128.23,130.99,133.54,138.22,137.27
Agricultural Raw Material Index (Index),97.9,97.41,101.49,98.65,99.25,99.6,99.42,101.42,101.54,101.55,101.1,100.67,102.09,105.07,105.04,105.38,109.4,111.98,111.42,111.44,109.43,109.93,110.03,113.52,116.1,118.66,116.7,118.45,118.7,115.07,110.39,105.62,112.27,111.16,113.67,113.18,115.25,116.07,117.44,117.32,118.39,118.78,121.76,117.99,116.17,109.72,104.19,87.32,89.66,87.17,81.45,82.1,85.45,88.66,93.14,100.91,100.32,100.11,107.18,111.01,112.6,114.72,117.59,122.91,121.68,122.64,120.88,122.54,125.43,132.99,140.7,146.61,155.78,159.2,169.8,171.37,161.31,161.12,158.56,151.03,149.32,140.45,134.54,129.57,131.86,137.05,137.83,139.74,137.7,132.45,132.06,130.7,132.84,132.15,131.33,132.68,133.68,133.27,132.48,132.83,137.04,141.04,136.59,133.99,134.45,136.91,139.8,142.31,139.2,140.21,144.65,143.26,142,140.39,139.77,136.95,136.42,136.02,134.71,131.87,130.28,130.65,127.81,126.85,125.93,125.06,118.07,111.59,112.28,112.92,109.51,109.42,109.26,99.56,109.57,111.45,111.76,112.18,114.04,113.56,112.72,112.86,116.74,117.51,120.13,120.68,120.45
Metal index (Index),93.14,95.76,99.75,97.71,94.99,96.41,96.28,100.14,99.9,102.87,107.37,115.68,124.33,128.44,130.19,148.4,169.14,153.98,163.13,165.39,166.34,173.73,174.23,177.04,170.78,174.01,183.76,201.95,205.38,197.36,196.53,179.94,174.84,179.86,172.77,162.56,178.4,190.83,201.07,198.95,190.46,186.27,187.96,174.99,164.1,131.48,116.14,107.51,109.66,107.85,105.54,112.36,118.55,130.89,140.02,161.31,151.27,157.47,166.65,176.78,191.18,183.23,198.98,220.78,198.64,182.88,179.37,198.02,202.24,216.28,222.65,233.58,245.48,256.24,244.21,250.08,239.46,235.71,242.23,232.83,224.1,200.9,193.28,192.11,202.04,207.1,206.92,203.49,193.34,185.69,183.15,172.49,179.92,183.4,182.12,192.74,202.34,205.19,190.64,183.55,176.4,169.66,172.66,180.79,177.66,178.87,177.93,179.13,176.4,171.96,164.99,169.48,164.52,161.85,168.76,168.21,161.47,156.86,156.42,148.7,140.32,137.29,134.6,133.79,139.57,133.17,123.25,119.2,120.58,117.97,109.14,105.06,103.7,108.89,115.97,117.83,113.86,113.57,120.01,121.68,119.1,121.01,136.53,140.72,143.21,150.89,149.42
Energy index (Index),81.68,83.88,94.58,95.06,90.45,100.11,104.96,114.21,114.72,110.14,103.71,106.51,115.73,111.73,113.64,125.61,126.57,126.02,132.83,132.01,115.67,108.96,109.79,114.28,102.36,109.21,114.09,121.1,121.49,126.74,135.17,130.01,140.45,150.53,166.68,164.7,168.58,176.27,188.85,202.3,226.24,243.39,249.4,217.46,192.02,146.68,113.7,91.55,94.95,89.7,93.64,97.05,109.78,127.94,119.83,130.44,124.74,134.81,140.82,137.84,143.74,139.3,146.29,155.22,141.62,140.14,139.75,141.35,141.95,151.33,157.12,167.13,173.3,181.53,198.75,212.57,199.95,196.65,200.92,189.65,190.45,189.22,197.22,195.28,199.69,208.65,216.98,210.62,194.23,172.47,181.19,194.79,196.48,191.02,187.8,188.46,194.33,198.68,190.63,184.44,184.52,184.85,192.26,196.77,198.1,192.95,188.91,194.31,188.98,192.9,190.84,192.16,193.36,197.2,190.8,182.94,175.77,159.7,145.33,119.24,96.74,108.3,104.16,108.68,116.25,113.96,102.76,89.06,89.26,89.75,83.09,72.64,60.61,62.07,71.5,76.33,84.74,88.03,83.45,84.91,85.58,94.19,88.51,100.04,101.82,103.18,97.44
"Oil; Average of U.K. Brent, Dubai, and West Texas Intermediate (Index)",80.38,83.2,95.37,94.94,89.71,101.1,105.71,115.97,115.58,109.02,103.18,105.83,117.1,112.09,114.32,127.6,128.85,128.15,135.97,134.81,116.62,108.78,109.22,114.52,100.52,108.08,113.85,122.28,122.52,128.08,138.12,131.63,144.05,153.84,171.38,168.05,170.25,175.34,191.1,204.24,230.52,247.01,249.66,215.3,187.06,136.34,101.24,77.71,82.58,78.83,87.89,94.55,109.28,129.99,121.64,134.68,128.47,139.21,145.82,140.86,144.95,140.4,148.94,158.13,142.15,140.45,139.96,142.57,143.08,153.57,158.91,169.33,174.28,184.1,204.42,218.82,203.62,199.35,203.23,189.5,190.27,188.44,198.51,196.31,201.32,212.38,222.03,214.36,196.28,171.02,182.28,198.42,200.48,195.06,190.93,190.81,197.91,202.94,193.35,186.21,186.98,187.68,197.73,203.14,204.58,198.47,193.3,198.69,192.56,197.2,195.72,197.39,198.88,203.83,197.94,188.34,180.44,162.03,144.72,113.88,89.15,103.47,99.58,108.12,117.67,115.34,102.54,86.14,87.05,88.29,81.06,68.6,56.05,58.32,70.06,76.51,86.31,89.53,83.05,84.25,84.64,92.61,85.04,98.89,100.85,102.22,95.77
"Aluminum, 99.5% minimum purity, LME spot price, CIF UK ports, US$ per metric tonne (USD)",1836.21,1882.8,1987.52,1892.01,1741.45,1731.94,1783.26,1871.27,1837.69,1934.14,2056.97,2250.9,2383.3,2453.38,2432.48,2623.86,2852.07,2490.95,2511.83,2461.55,2484.38,2657.15,2702.14,2823.67,2799.06,2839.05,2757.08,2817.05,2804.6,2681.31,2738.09,2512.6,2394.96,2444.53,2507.15,2382.83,2456.13,2784.89,3012.05,2968.03,2908.28,2967.87,3067.46,2762.56,2524.15,2122.03,1857.13,1504.42,1420.36,1338.06,1338.08,1431.81,1464.42,1586.34,1674.33,1927.64,1835.6,1875.66,1956.55,2181.26,2230.15,2053.29,2210.55,2314.31,2044.73,1929.41,1989.05,2110.44,2171.24,2342.18,2324.05,2356.67,2439.7,2515.26,2555.5,2667.42,2587.21,2557.76,2525.43,2380.98,2293.46,2180.65,2079.98,2024.38,2151.33,2207.92,2184.16,2048.51,2002.52,1885.51,1876.25,1843.33,2064.12,1974.3,1948.83,2086.76,2037.61,2053.6,1911.28,1861.02,1832.57,1814.54,1769.61,1816.24,1761.3,1814.58,1747.96,1739.81,1727.41,1695.17,1705.37,1810.68,1751.05,1838.95,1948.3,2030.49,1990.43,1946.19,2055.56,1909.46,1814.72,1817.82,1773.86,1819.19,1804.04,1687.73,1639.5,1548.13,1589.6,1516.49,1467.89,1497.2,1481.1,1531.26,1531.01,1571.23,1550.63,1593.51,1629.05,1639.28,1592.36,1665.9,1737.11,1727.74,1791.24,1860.75,1901.47
"Bananas, Central American and Ecuador, FOB U.S. Ports, US$ per metric tonne (USD)",588.99,890.19,817.02,594.25,613.39,500.06,403.84,399.17,585.32,489.34,471.5,568.18,624.69,871.55,880.67,669.89,946.13,713.84,585.04,546.18,544.92,552.17,602.71,656.41,640.16,658.84,646.66,647.2,691.81,778.74,735.18,696.01,666.44,659.98,653.57,648.51,679.8,790.58,1027.36,969.99,927.93,839.78,725.14,801.1,806.63,808.01,904.7,842.54,814.92,921.96,906.08,897.79,852.9,850.83,828.73,835.64,818.37,811.46,835.64,801.1,782.69,790.75,842.54,828.42,872.47,964.84,987.07,896.53,883.98,921.8,908.15,897.79,949.42,1013.12,994.17,1013.47,1022.1,986.31,964.22,960.25,945.5,956.33,959.32,946.76,942.99,1045.12,1151.43,1029.33,955.44,956.33,966.85,954.84,966.85,959.04,937.34,945.8,933.82,925.41,938.57,912.23,908,911.6,925.41,937.6,939.23,936.82,922.13,925.41,928.42,946.13,966.85,945.5,916,926.07,930.82,961.59,925.41,922.41,904.7,908.6,911.6,966.85,1045.96,1059.14,946.79,929.18,938.33,956.66,951.78,933.58,932.32,932.32,1011.25,1052.35,1020.9,998.09,987.57,993.22,1004.67,1051.53,1013.31,976.39,959.94,959.94,974.03,1040.1,1071.64
"Barley, Canadian no.1 Western Barley, spot price, US$ per metric tonne (USD)",90.71,87.38,94.17,93.33,88.89,93.44,96.81,98,97.89,98.53,98.76,103.01,103.6,101.13,100.38,102.12,107.48,106.88,112.1,114.53,115.44,136.6,148.15,150.97,152.13,151.03,157.06,157.12,161.69,184.45,177.91,158.88,184.66,197.11,187.61,198.93,205.61,216.54,228.66,237.24,238.31,240.98,248.31,212.32,189.43,144,130.16,114.16,121.61,112.57,114.94,111.02,129.39,148.68,139.96,122.3,103.53,130.55,155.26,150.77,146.6,137.3,147.06,151.71,142.95,145.97,156.36,161.03,168.2,174.61,179.12,189.6,195.12,196.37,202.53,208.7,208.72,210.17,215.46,206.66,210.63,208.68,211.37,212.22,210.47,213.46,222.68,237.27,236.98,234.7,242.53,258.64,254.68,250.04,249.06,248.22,236.96,240.51,240.78,232.42,231.43,230.59,222.12,194.74,174.82,159.28,156.34,156.35,162.55,163.33,162.15,163.4,173.89,163.33,141.68,129.63,127.2,117.56,121.55,126.79,133.05,129.84,133.84,131.05,128.8,124.45,134.65,126.37,122.72,123.55,124.47,121.59,117.95,120.12,121.09,129.15,135.07,148.06,140.19,128.1,125.14,128.14,131.53,128.1,132.07,136.23,137.29
"Beef, Australian and New Zealand 85% lean fores, CIF U.S. import price, US cents per pound (USD)",115.25,117.38,120,118.2,121.45,120.33,122.6,120,120.3,116.5,117.25,115.5,113.63,114.75,111.9,112.58,112.5,111.7,115.13,117.63,117.5,117.88,121.25,121.2,119.25,118.38,118.4,117.63,116.63,119,117.5,118.4,118.25,115.88,117.66,119.5,121.33,127.7,106.7,103.75,124.2,129.5,133,135.5,129.4,115.92,115,111.25,114.13,107.13,112.38,115.5,119.6,122.13,124,124,124.13,120.5,125,127,133.88,141.75,152.1,164.75,157.75,144.81,145.39,152.5,152.5,154.75,156.5,173.03,185.63,183.73,187.72,193,184.11,178.36,177.76,180.85,175.93,174.28,186.68,190.09,190.93,194.1,194.36,192.1,187.3,183.6,180.36,183.13,180.25,181.54,192.02,195.62,195.39,194.28,191.79,191.68,179.59,174.25,176.58,176.58,175.6,178.07,183.31,185.95,187.46,190.25,197.76,191.23,194.55,200.79,227.5,258.86,272.3,266.93,261.5,239.59,232.02,209.88,207.8,214.43,199.21,195.05,204.41,212,202.41,184.55,177.07,167.11,159.07,171.31,176.2,176.9,179.45,181.45,187.74,185.61,182.89,180.76,183.14,173.98,176.77,184.6,190.17
"Coal, Australian thermal coal, 12,000- btu/pound, less than 1% sulfur, 14% ash, FOB Newcastle/Port Kembla, US$ per metric tonne (USD)",56.83,53.46,54.56,54.91,54.98,54.64,54.54,52.63,48.48,45.49,40.78,40.96,46.27,51.11,53.3,56.65,56.36,56.12,56.52,54.58,50.46,47.2,49.29,53.3,54.95,56.68,59.34,60.13,60,66,72.12,74.3,73.33,80.15,90.64,97.5,98.3,141.43,126.7,131.79,142.71,171.16,192.86,169.71,160.71,115.71,98.84,84.27,85.07,80.76,65.36,68.1,69.11,76.48,79.07,77.68,72.47,76.15,84.43,89.04,103.93,100.92,101.12,107.3,107.28,105.2,102.84,96.19,101.68,104.41,114.81,126.74,141.94,137.53,135.14,131.25,127.63,128.67,129.38,128.71,131.88,127.92,121.91,119.53,124.78,125.38,115.14,110.99,102.68,93.42,94.54,97.5,95.31,87.7,92.03,99.51,99.4,101.72,97.48,94.03,93.98,88.67,82.78,82.46,83.16,85.08,88.13,90.36,87.44,81.74,78.58,78.02,78.95,76.59,73.66,73.86,70.65,68.26,67.02,66.9,66.54,65.79,64.41,61.94,64.71,63.04,63.35,62.76,58.66,56.05,56.33,55.85,53.37,54.33,55.92,54.55,55.16,56.97,66.74,72.19,78.11,99.82,107.15,92.49,89.71,86.15,86.37
"Cocoa beans, International Cocoa Organization cash price, CIF US and European ports, US$ per metric tonne (USD)",1549.89,1719.46,1763.91,1585.95,1509.46,1538.63,1488.32,1482.23,1504.16,1453.83,1428.78,1511.32,1576.23,1546.37,1545.05,1552.34,1594.3,1605.78,1673.21,1612.94,1566.34,1530.17,1582.54,1702.16,1701.93,1811.15,1924.2,2034.25,2011.13,2013.04,2151.67,1902.09,1944.01,1916.67,1967.31,2119.88,2216.38,2522.83,2647.64,2631.23,2693.41,3021.76,2953.67,2796.8,2672.05,2251.23,2046.08,2420.04,2608.89,2660.47,2493.98,2541.7,2554.6,2699.61,2805.48,2956.66,3149.51,3372.5,3379.33,3517.54,3522.1,3276.56,3089.65,3221.23,3165.74,3230.82,3229.55,3071.71,2874.98,2927.45,2910.31,3047.06,3164.48,3471.1,3392.97,3113.5,3070.77,3015.64,3167.18,3064.31,2873.88,2680.04,2527.42,2200.6,2307.76,2356.24,2359.25,2266.78,2113.08,2265.84,2349.82,2512.26,2620.28,2463.54,2478.16,2431.82,2275.43,2197.7,2153.36,2294.72,2345.73,2283.58,2308.53,2483.6,2616.04,2730.7,2755.17,2824.54,2819.42,2992.76,3041.67,3050.61,3030,3174.3,3196.03,3270.26,3221.26,3100.82,2909.09,2946.94,2915.6,2961.94,2878.03,2868.27,3095.99,3239.89,3325.96,3154.02,3278.45,3197.34,3360.84,3345.66,2952.42,2916.37,3073.52,3078.49,3098.39,3122.52,3049.98,3032.49,2881.19,2711.35,2492,2295.31,2195.06,2034.08,2063.09
"Coffee, Other Mild Arabicas, International Coffee Organization New York cash price, ex-dock New York, US cents per pound (USD)",107.11,122.23,134.69,128.79,126.16,119.98,108.45,108.43,98.17,106.09,108.81,103.03,124.36,118.52,112.2,114.71,107.96,101.21,102.77,112.13,109.36,110.91,123.57,129.95,124.46,122.34,116.61,114.59,112.52,118.67,116.8,123.63,128.04,134.57,130.33,136.47,139.05,158.21,148.07,137.74,139.74,144.08,145.35,145.77,140.56,121.41,120.44,116.97,128.03,128.51,127.76,134.58,147.64,144.46,137.6,146.87,145.67,151.95,150.23,155.86,154.41,155.92,162.15,171.07,174.03,193.52,205.25,212.8,222.1,215.84,227.96,237.33,262.94,288.08,294.48,302.71,293.06,277.78,269.18,273.54,275.58,248.49,249.5,243.14,240.89,225.49,201.85,193.35,186.35,169.79,190.77,175.97,179.6,172.37,160.64,154.22,158.27,153,153.01,152.96,151.43,138.86,138.44,135.63,132.78,128.83,122.75,126.74,135.03,176.28,216.06,226.99,215.24,198.91,198.59,214.5,212.01,227.06,212.93,200.59,190.9,179.94,160.02,164.95,158.17,159.77,153.29,158.78,147.65,153.88,148.94,149.52,146.32,148.94,156.94,154.2,155.4,165.85,172.35,170.34,178.07,178.62,185.13,162.16,167.83,165.56,159.39
"Coffee, Robusta, International Coffee Organization New York cash price, ex-dock New York, US cents per pound (USD)",39.63,44.61,50.66,53.28,58.51,62.92,60.57,55.6,50.07,50.84,54.72,59.01,66.45,65.46,62.92,64.46,63.97,64.14,68.66,75.73,77.88,76.26,79.67,77.75,80.55,80.97,78.88,81.64,86.28,94.76,93.47,88.4,93.61,97.45,92.2,91.37,100.74,117.23,122.44,111.86,109.79,112.04,115.03,113.43,106.67,88.91,92.92,83.82,85.77,81.47,77.48,76.5,77.05,75.65,74.82,75.04,77.31,76.68,73.08,74.68,75.11,73.52,72.55,76.37,76.24,82.51,89.95,89.06,87.11,90.57,97.94,98.32,106.03,114.62,122.46,121.29,126.3,122.15,116.58,119,113.94,107.34,108.18,114.07,109.4,111.25,113.6,111.71,116.01,113.34,113.37,113.01,110.87,109.89,102.94,102.3,105.79,109.7,112.67,107.58,105.76,97.05,102.41,100.73,93.48,90.01,85.67,95.5,92.93,101.14,111.9,110.68,108.35,104.63,107.23,105.07,105.57,109.39,106.81,103.51,102.33,103.74,98.07,98.73,94.35,96.89,92.71,91.94,87.98,88.67,88.63,86.32,81.96,81.16,83.19,87.6,91.03,92.61,96.98,96.68,101.77,107.53,106.94,103.71,111.26,110.13,110.02
"Rapeseed oil, crude, fob Rotterdam, US$ per metric tonne (USD)",744.1,728.62,716.53,714.29,681.71,678.42,652.96,701.2,708.89,774.26,780.89,769.72,784.24,791.92,784.54,830.28,880.61,888.57,852.1,900.99,850.7,838.11,894.68,919.08,915.02,864.93,854.86,835.79,858.9,903.5,939.4,1006.75,1078.89,1093.15,1325.49,1465.58,1491.61,1479.24,1640.5,1564.06,1580.45,1639.55,1736.46,1467.67,1352.99,1149.9,1074.19,907.9,840.72,767.78,731.63,802.12,901.37,910.48,857.4,875.75,856.85,885.83,923.98,920.23,915.63,900.99,909.8,907.87,861.85,876.05,945.75,1012.84,1031.51,1149.25,1243.95,1385.48,1441.42,1419.27,1416.7,1446.91,1415.51,1404.24,1393.95,1356.65,1310.84,1268.97,1280.65,1244.43,1253.12,1297.21,1288.75,1304.06,1236.62,1182.69,1209.43,1221.67,1267.9,1216.49,1199.96,1191.08,1208.08,1217.64,1162.42,1130.7,1117.66,1120.14,1003.37,991.21,985.02,1009.27,1021.49,1007.6,951.76,974.82,1014.26,1008.35,949,932.07,880.6,848.77,819.57,837.27,826.53,809.41,774.33,747.45,743.43,742.29,763.78,811.75,796.46,754.41,767.2,805.18,778.37,810.67,777.9,778.94,767.37,805.6,798.87,788.77,764.35,818.88,848.64,900.39,896.35,917.34,917.37,872.33,839.92
"Copper, grade A cathode, LME spot price, CIF European ports, US$ per metric tonne (USD)",3168.1,3247.1,3378.9,3389.81,3241.9,3529.73,3608.48,3791.91,3850.66,4056.17,4278.16,4577.03,4743.86,4974.98,5123.67,6404.44,8059.19,7222.77,7726.74,7690.25,7622.64,7497.41,7029.3,6680.97,5689.34,5718.15,6465.3,7753.34,7677.95,7514.24,7980.93,7500.2,7671.35,8020.59,6957.43,6630.74,7078.91,7941.14,8434.32,8714.18,8356.13,8292,8407.02,7633.8,6975.11,4894.89,3729.19,3105.1,3260.36,3328.41,3770.88,4436.93,4594.9,5013.3,5240.83,6176.88,6195.75,6305.99,6682.44,6976.98,7367.4,6867.69,7466.96,7729.86,6843.18,6501.5,6750.57,7302.67,7729.59,8289.76,8458.42,9152.86,9533.2,9880.94,9503.36,9482.75,8931.68,9066.85,9650.46,8997.99,8300.14,7394.19,7581.02,7558.88,8061.92,8441.49,8470.78,8285.53,7896.91,7428.29,7584.26,7510.43,8087.74,8062.03,7711.23,7966.49,8053.74,8060.93,7652.38,7221.16,7248.71,7000.24,6906.64,7186.25,7159.27,7203.02,7070.65,7214.9,7291.47,7149.21,6650.04,6673.56,6891.13,6821.14,7113.38,7001.84,6872.22,6737.48,6712.85,6446.45,5830.54,5729.28,5939.67,6042.09,6294.78,5833.01,5456.75,5127.3,5217.25,5216.09,4799.9,4638.83,4471.79,4598.62,4953.8,4872.74,4694.54,4641.97,4864.9,4751.67,4722.2,4731.26,5450.93,5660.35,5754.56,5940.91,5824.63
"Cotton, Cotton Outlook 'A Index', Middling 1-3/32 inch staple, CIF Liverpool, US cents per pound (USD)",51.26,52.17,56.24,56.95,55.84,53.99,54.97,54.07,54.95,58.24,56.83,56.53,59.01,60.75,58.62,57.18,55.41,56.42,56.73,59.85,58.82,57.03,57.4,59.43,59.05,57.89,58.41,57.18,55.57,60.44,67.81,66.62,68.21,68.93,69.71,69.59,73.25,75.05,80.18,75.41,74.12,77.04,77.29,78.04,73.59,62.3,55.06,55.47,57.7,55.21,51.5,56.78,61.95,61.39,64.8,64.26,64.07,66.82,71.78,76.78,77.4,80.04,85.79,88.09,90.07,91.68,84.15,90.35,104.73,126.55,155.47,168.22,178.93,213.18,229.67,216.62,165.52,160.65,149.25,114.1,116.65,110.61,104.68,95.45,101.11,100.75,99.5,100.1,88.53,82.18,83.97,84.4,84.15,81.95,80.87,83.37,85.51,89.71,94.45,92.54,92.62,93.08,92.62,92.71,90.09,89.35,84.65,87.49,90.96,94.05,96.95,94.2,92.71,90.9,83.84,74,73.38,70.34,67.53,68.3,67.35,69.84,69.35,71.7,72.86,72.35,72.35,71.82,68.74,69.03,69.22,70.39,68.75,66.57,65.46,69.28,70.28,74.1,81.06,80.26,77.86,78.52,78.92,79.5,82.33,85.16,86.78
"Fishmeal, Peru Fish meal/pellets 65% protein, CIF, US$ per metric tonne (USD)",700.23,707.86,714.03,710.51,695.98,682.06,656.46,784.54,783.29,817.1,823.44,855.24,910.33,909.04,906.58,918.24,970.83,958.62,959.07,1251.38,1296.63,1263.01,1262.59,1285.02,1258.73,1252.39,1268.87,1289.38,1266.92,1254.15,1212.95,1148.05,1109.22,1054,1031.14,1079.68,1114.49,1140.39,1169.75,1184.37,1191.92,1208.78,1265.05,1240.64,1223.44,1101.43,1049.74,1032.27,1037.3,1046.77,1054.07,1055.71,1117.44,1164.08,1222.51,1295.4,1362.82,1463.87,1557.8,1692.45,1748.38,1709.79,1793.86,1961.11,1907.78,1817.13,1705.03,1673.83,1632.19,1665.71,1662.63,1593.21,1607.46,1612.82,1755.65,1760.73,1590.95,1508,1469.08,1455.06,1346.9,1352.34,1402.34,1369.68,1295.05,1315.22,1319.33,1408.1,1518,1642.3,1735.12,1755.74,1716.05,1694.59,1902.06,2190.08,2088.6,1882.6,1783.98,1834.49,1835.82,1728.6,1598.54,1621.63,1525.27,1520.09,1549.37,1557.11,1586.17,1658.39,1729.28,1763.83,1820.16,2000.88,2048.97,2000.09,1871.81,1985.42,2204.08,2388.57,2169.83,2028.45,1897.3,1854.61,1728.81,1649.19,1556.97,1552.02,1567.7,1647.57,1753.72,1704.36,1555.3,1455.94,1387.81,1428.94,1528.42,1577.25,1403.44,1427.45,1398.29,1296.28,1280.58,1281.75,1224.7,1125.47,1068.95
"Groundnuts (peanuts), 40/50 (40 to 50 count per ounce), cif Argentina, US$ per metric tonne (USD)",910,910,910,800.48,758.18,727.27,713.33,700,700,700,700,700,710.45,720,720,720,754.78,802.73,845.24,893.91,931.43,940,947.73,960,996.96,1000,1000,1000,1013.04,1095.24,1159.09,1200,1200,1282.61,1513.64,1669.05,1700,1700,1700,1665.91,1650,1650,1619.57,1599.05,1572.73,1470,1268,1217.39,1154.09,984,900,900,916.67,957.73,966.09,980,990.91,1000.91,1042.38,1142.61,1214.29,1218,1200,1202.73,1230,1189.09,1180,1210.91,1272.27,1296.19,1300,1359.13,1568.57,1600,1600,1600,1659.09,1776.36,1683.34,1819.88,1837.73,1829.29,1860.66,1853.53,1858.54,1885.51,1807.74,1717.79,1619.49,1546.62,1541.45,1515.53,1588.56,1637.41,1675.89,1863.9,1985.41,1923.5,2366.6,2433.05,2529.9,2555.81,2243.39,2506.11,2291.86,2338.33,2392.17,2207.45,2431.18,2323.84,2376.98,2256.2,2217.55,2212.72,2145.5,1986.8,2008.05,1833.78,1991.45,1995.1,1951.39,2028.17,2070.86,2017.27,2044.78,2008.05,2063.58,2042.48,1932.51,1821.83,1716.71,1656.92,1800.45,1851.99,1811.52,1865.33,1830.17,1870.58,1816.1,1789.25,1810.41,1727.29,1665.03,1743.21,1820.95,1806.41,1882.09
"Hides, Heavy native steers, over 53 pounds, wholesale dealer's price, US, Chicago, fob Shipping Point, US cents per pound (USD)",65.84,66.01,65.83,64.6,64.5,65.6,66.26,66.22,65.68,65.33,65.9,65.91,65.6,66.1,66.86,67.59,69.04,69.45,68.79,68.96,69.81,69.68,71.58,73.71,75.88,77.7,77.65,77.87,76.81,73.26,67.67,67.09,68.27,66.76,68.3,68.4,65.47,65.35,65.83,67.36,67.26,67.43,68.15,68.95,68.22,68.15,61.53,35.6,38.06,34.79,28.59,28.99,30.47,37.38,48.31,57.85,55.33,53.59,61.63,63.47,65.36,67.63,69.26,72.12,72.2,73.67,73.74,72.14,71.86,73.68,75.24,76.57,78.45,69.83,88,88,88,88,87.5,85.11,85,78.13,76.5,72,73,76.71,82.25,84,84,84,84,86,86,86,86,86,86,86,86,88,92.36,101,99.4,95.33,93.08,98.88,105.25,105.25,104.7,107,111,112.25,109,108.13,108,109.9,114.63,114.4,114.5,109.11,106.78,106.06,104.5,100.33,96,94,82.5,71,74.8,74.75,70.4,70,70,70,70,70,70,70,70,70,70,70,77.25,75.69,75.05,76.58,77.93
"China import Iron Ore Fines 62% FE spot (CFR Tianjin port), US dollars per metric ton (USD)",28.11,28.11,28.11,28.11,28.11,28.11,28.11,28.11,28.11,28.11,28.11,28.11,33.45,33.45,33.45,33.45,33.45,33.45,33.45,33.45,33.45,33.45,33.45,33.45,36.63,36.63,36.63,36.63,36.63,36.63,36.63,36.63,36.63,36.63,36.63,36.63,60.8,60.8,60.8,60.8,60.8,60.8,60.8,60.8,60.8,60.8,60.8,69.98,72.51,75.59,64.07,59.78,62.69,71.66,83.95,97.67,80.71,86.79,99.26,105.25,125.91,127.62,139.77,172.47,161.35,143.63,126.36,145.34,140.63,148.48,160.55,168.53,179.63,187.18,169.36,179.26,177.1,170.88,172.98,177.45,177.23,150.43,135.54,136.46,140.35,140.4,144.66,147.65,136.27,134.62,127.94,107.8,99.47,113.95,120.35,128.87,150.49,154.64,139.87,137.39,124.01,114.82,127.19,137.06,134.19,132.57,136.32,135.79,128.12,121.37,111.83,114.58,100.56,92.74,95.97,92.63,82.27,80.09,73.13,68.8,67.39,62.69,56.94,51.15,60.23,62.29,51.5,55.38,56.43,52.74,46.16,39.6,41.25,46.18,55.52,59.58,54.85,51.36,56.57,60.47,56.67,58.02,74.14,79.43,80.82,88.8,87.2
"Lamb, frozen carcass Smithfield London, US cents per pound (USD)",181.61,174.78,171.85,167.5,164.53,159.83,154.42,154.22,155.13,150.35,148.23,148.57,149.23,146.35,140.51,141.22,148.52,150.16,155.95,169.68,164.91,155.78,158.17,162.78,159.32,155.38,154.24,157.18,157.32,159.24,165.72,164.31,163.76,167.72,170.4,165.92,161.18,173.38,178.74,183.69,186.59,185.14,184.13,177.66,170.13,162.1,145.13,140.81,137.4,133.92,131.97,139.44,143.13,153.37,154.13,155.77,154.61,152.03,155.55,151.99,152.32,147.78,142.38,144.95,138.19,138.06,143.14,147,147.03,149.51,150.75,147.14,147.57,150.32,152.53,154.08,154.33,153.14,152.24,153.8,147.54,146.92,142,135.97,132.74,125.03,117.18,109.12,97.92,92.33,91.46,88.52,88.52,88.52,88.52,91.39,94.63,98.35,98.35,99.25,105.74,106.78,107.76,109.59,110.33,111.85,116.42,120.83,121.44,122.59,128.26,132.27,136.16,137.63,134.88,132.14,131.31,130.67,130.67,129.26,128.62,122.94,115.85,115.21,112.54,109.59,108.37,99.29,96.12,95.54,94.87,95.54,95.54,95.54,95.54,95.54,99.63,106.59,106.78,110.75,114.77,118.16,121.98,122.24,122.24,123.71,128.29
"Lead, 99.97% pure, LME spot price, CIF European Ports, US$ per metric tonne (USD)",954.23,972.98,1001.69,980.48,985.29,982.65,857.52,887.42,932.77,999.4,1017.84,1120.15,1258.14,1267.44,1193.89,1170.56,1167.5,963.61,1053.26,1179.32,1346.53,1525.66,1626.02,1709.16,1664.34,1775.08,1908.98,1984.16,2106,2436.64,3072.43,3115.19,3228.03,3722.61,3319.91,2616.08,2621.78,3089.61,3012.93,2834.88,2216.09,1860.51,1960.04,1902.85,1872.31,1494.26,1286.43,968.17,1144.9,1099.63,1246.52,1393.91,1449.67,1668.19,1674.51,1893.04,2205.48,2227.69,2303.44,2326.26,2352.18,2125.8,2162.71,2272.18,1876.82,1707.28,1843.97,2082.8,2192.85,2383.55,2364.98,2413.2,2583.98,2595.58,2624.02,2719.35,2419.64,2524.99,2681.02,2393.06,2287.67,1960.38,1994.22,2024.56,2100.21,2121.26,2056.69,2073.64,1999.25,1850.96,1881.48,1897.77,2177.68,2141.97,2181.97,2279.8,2334.47,2365.79,2173.35,2024.37,2031.89,2099.69,2047.73,2173.08,2084.92,2115.43,2089.56,2136.73,2143.17,2108.03,2053.08,2087.09,2097.33,2106.94,2193.24,2236.84,2117.24,2034.26,2030.18,1938.11,1843.13,1795.66,1792.47,2005.36,1991.78,1829.5,1763.04,1703.6,1684.25,1720.11,1618.35,1706.58,1646.2,1765.75,1802.19,1732.27,1707.8,1712.77,1834.79,1835.52,1947.64,2024.49,2180.58,2209.84,2242.62,2311.5,2280.92
"Soft Logs, Average Export price from the U.S. for Douglas Fir, US$ per cubic meter (USD)",184.31,179.08,179.16,183.79,171.36,179.02,182.64,184.32,185.04,181.81,181.24,186.74,186.05,183.81,193.49,205.17,193.15,185.69,193.33,176.61,193.46,182.19,179.94,171.15,167.76,165.12,151.27,163.04,158.72,148.6,146.32,149.87,161.27,143.4,135.16,124.59,137.75,130.78,135.11,135.71,144.83,152.37,143.25,146.58,145.16,169.06,167.18,160.09,145.27,168.55,147.09,142.86,132.06,133.73,132.6,126.58,132.18,126.95,123.33,128.63,126.02,139.56,143.08,140.23,143.85,143.38,146.32,141.77,136.92,145.89,141.02,149.49,152.47,150.29,150.1,156.19,160.91,157.68,152.67,147.1,140.97,138.96,148.52,144,144.93,142.61,147.03,128.01,148.87,145.65,134.37,141.43,175.5,152.15,166.12,149.29,152.62,156.01,164.08,160.55,168.93,174.79,150.61,165.6,159.26,165.9,183.63,172.46,165.98,189.97,179.2,165.52,177.88,165.6,178.29,157.7,166.24,193.35,167.32,183.97,169.3,179.52,160.54,168.96,159.31,149.14,153.68,152.75,172.89,159.37,151.07,167.38,175.78,156.07,173.33,141.46,140.49,148.53,146.45,146.45,146.45,155.02,160.49,156.07,170.16,157.58,157.58
"Hard Logs, Best quality Malaysian meranti, import price Japan, US$ per cubic meter (USD)",191.43,191.02,193.65,194.15,202.52,203.12,205.53,211.94,216.8,211.27,205.47,210.52,221,222.54,225.16,229.39,244.17,238.46,236.12,240.03,246.47,245.32,256.02,268.46,262.27,262.56,269.66,266.04,261.95,257.91,263.05,270.93,274.96,271.68,279.41,275.34,287.08,288.4,304.85,291.76,282.97,272.29,275.76,272.95,284.47,304.45,315.97,326.62,329.65,322.45,288.57,283.13,291.06,279.25,281.42,276.62,280.84,276.62,271.97,264.83,258.22,252.76,249.84,246.04,253.66,260.84,274.91,294.67,310.91,316.36,313.32,306.54,315.32,328.63,334.76,343.5,385.25,417.56,430.49,450.03,453.63,435.86,403.26,387.86,387.75,374.98,357.05,353.7,367.03,362.31,357.19,354.71,353.34,350.23,353.03,354.8,334.12,319.69,313.78,304.53,294.78,306.01,298.76,304.39,300.12,304.31,297.36,287.35,286.6,291.84,290.92,290.33,292.5,291.72,292.7,289.17,277.55,275.65,256.13,249.39,251.48,250.89,247.32,249.06,246.5,240.59,241.27,241.7,247.78,248.08,242.9,244.62,251.76,259.34,263.62,271.7,273.27,282.26,285.98,294.03,292.15,286.86,275.1,256.42,258.6,263.45,263.48
"Maize (corn), U.S. No.2 Yellow, FOB Gulf of Mexico, U.S. price, US$ per metric tonne (USD)",95.98,94.36,99.94,96.39,95.27,97.56,105.6,98.64,96.99,101.5,95.97,102.66,102.7,106.92,104.89,107.82,110.57,109.55,114.24,115.21,120.26,142.17,164.08,160.66,165.1,177.35,169.52,152.58,156.44,164.5,147.13,151.01,160.05,164.09,171.06,180.25,206.53,219.95,233.85,246.67,243.46,287.11,266.94,235.16,233.91,182.96,164.27,158.16,173.24,163.13,164.52,168.72,180.31,178.83,151.76,152.01,150.57,167.22,171.61,164.58,167.21,161.63,159.01,157.66,163.77,152.87,163.92,175.6,205.84,235.7,238.24,250.63,265.29,293.4,290.36,318.7,308.47,310.46,300.8,310.24,296.21,274.78,274.23,258.44,272.85,279.46,280.66,274.21,268.79,267.23,332.95,332.17,320.72,321.63,321.54,308.72,303.29,302.5,309.49,280.27,295.29,297.06,278.93,234.89,207.41,201.73,199.14,197.5,198.72,209.32,222.33,222.36,216.92,202.56,182.23,176.43,163.06,163.31,178.67,178.67,174.71,173.7,174.23,172.05,166.3,166.72,179.6,162.74,166.01,171.39,166.03,163.95,161.03,159.68,159.14,164.41,168.92,179.87,161.76,150.16,148.43,152.58,151.3,152.67,159.99,162.88,158.97
"Natural Gas, Russian Natural Gas border price in Germany, US$ per thousands of cubic meters of gas (USD)",5.06,5.06,5.06,5.51,5.51,5.51,6.13,6.13,6.13,6.96,6.96,6.96,7.66,7.66,7.66,8.14,8.14,8.14,8.4,8.4,8.4,8.65,8.65,8.65,8.39,8.39,8.39,7.83,7.83,7.83,7.79,7.79,7.79,8.56,8.56,8.56,10.27,10.27,10.27,11.9,11.9,11.9,14.36,14.36,14.36,16.02,16.02,16.02,16.02,14.47,11.47,8.6,8.6,8.6,6.79,6.18,6.18,6.45,6.45,6.45,7.59,7.59,7.59,8.35,7.87,8.06,8.48,8.57,8.49,8.64,8.71,8.73,9.19,9.14,9.12,10.03,10.02,10,11.2,11.11,11.11,12.11,12.02,12.11,12.33,12.22,12.51,12.57,12.57,12.56,11.38,11.4,11.38,11.57,11.64,11.64,11.39,11.36,11.36,11.64,11.41,11.32,10.98,10.97,10.96,10.93,10.96,10.99,10.9,10.83,10.69,10.79,10.64,10.52,9.4,10.38,10.4,10.4,10.16,10.45,9.5,9.29,9.29,7.39,7.37,7.3,6.68,6.66,6.49,6.01,5.87,5.81,5.09,4.79,4.09,4.02,3.99,4.04,4.3,4.25,3.96,4.01,4.54,5.16,5.14,5.88,5.81
"Natural Gas, Indonesian Liquified Natural Gas in Japan, US$ per cubic meter of liquid (USD)",5.82,6.1,6.46,7.04,7.22,6.55,7.06,7.22,7.71,8.01,8.11,7.09,7.34,7.89,7.91,7.81,8.56,8.64,8.51,8.37,8.83,7.94,7.5,7.29,7.66,7.17,7.36,7.72,8.21,8.48,8.22,8.61,8.55,9.16,9.52,10.27,10.5,10.75,10.63,11.48,12.3,13.31,14.08,13.81,12.6,13.15,9.1,7.38,6.03,5.83,6.25,6.47,6.79,6.97,8.05,8.48,8.55,8.75,8.56,9.16,9.34,9.01,9.17,9.34,10.04,9.28,9.09,8.85,8.98,9.52,10,9.95,10.81,11.89,12.18,14.41,15.75,16.29,16.29,17.7,17.78,17.6,17.89,18.05,17.46,16.71,18.42,19.57,18.33,19.38,19.1,18.39,18.76,17.27,16.83,17.52,17.79,17.72,18.31,17.71,16.94,17.69,16.98,17,17.01,16.49,16.71,17.72,17.76,17.96,17.81,17.67,17.68,17.51,17.43,16.23,15.7,15.23,16.41,16.58,15.5,14.69,13.05,11.02,9.04,8.79,9.32,10.16,10.01,10.37,9.4,10.15,8.46,7.99,8.01,6.68,6.81,7.08,6.85,7,7.25,7.5,7.16,7.09,7.97,8,7.75
"Natural Gas, Natural Gas spot price at the Henry Hub terminal in Louisiana, US$ per thousands of cubic meters of gas (USD)",6.15,6.14,6.65,7.18,6.47,7.18,7.65,9.52,12.42,13.63,10.3,13.05,8.69,7.53,6.88,7.17,6.25,6.2,6.17,7.13,4.9,5.84,7.41,6.73,6.53,8,7.11,7.6,7.64,7.35,6.22,6.22,6.07,6.74,7.11,7.13,7.98,8.54,9.41,10.18,11.27,12.68,11.09,8.25,7.62,6.74,6.7,5.84,5.23,4.49,3.96,3.49,3.83,3.8,3.39,3.14,2.99,4,3.68,5.35,5.84,5.32,4.29,4.04,4.15,4.8,4.63,4.31,3.89,3.43,3.71,4.25,4.49,4.09,3.97,4.24,4.31,4.54,4.42,4.05,3.89,3.56,3.26,3.16,2.67,2.53,2.16,1.95,2.43,2.45,2.96,2.84,2.85,3.32,3.54,3.34,3.33,3.33,3.81,4.17,4.04,3.83,3.62,3.42,3.62,3.68,3.62,4.24,4.7,5.98,4.88,4.63,4.56,4.57,4.01,3.89,3.92,3.77,4.1,3.43,2.97,2.85,2.8,2.58,2.84,2.77,2.83,2.76,2.65,2.32,2.08,1.92,2.27,1.96,1.7,1.9,1.92,2.57,2.79,2.79,2.97,2.95,2.5,3.58,3.26,2.82,2.87
"Nickel, melting grade, LME spot price, CIF European ports, US$ per metric tonne (USD)",14563.75,15415.6,16239.9,16138.33,17002.25,16113.18,14587.6,14962,14154.55,12431.12,12235.05,13490.45,14660.81,14974.5,14925.48,18028.89,21131.33,20585.91,26185.71,30468.86,29702.62,32551.14,31891.59,34400.53,36821.59,41078.25,46125.23,49956.58,51783.33,41551.67,33400.23,27649.64,29548.4,31156,30505.64,26053.56,27774.77,28064.95,31093.05,28776.82,25656.5,22562.57,20106.96,19111.8,17781.86,12144.87,10776.5,9846.93,11562.95,10410.75,9710.73,11331.6,12763.36,14961.95,16024.5,19375.93,17404.64,18489.48,16911.33,17121.62,18405.55,19060.55,22467.17,26028.5,21930,19411.3,19548.52,21448.79,22690.14,23793.68,22836.23,24099.57,25621.23,28412.18,26710.35,26332.17,24164.55,22420.93,23847.95,21864.68,20377.59,19039.05,17873,18246.04,19908.62,20393.67,18660.81,17892.82,16968.32,16603.68,16128.41,15703.99,17287.96,17168.74,16335.36,17448.5,17494.07,17690.1,16731.7,15629.31,14948.23,14280.28,13750.32,14308.26,13801.39,14117.65,13684.01,13924.55,14101.25,14203.55,15678.1,17373.6,19401.08,18628.81,19117.65,18600.2,18034.8,15812.37,15807.05,15962.05,14849.19,14573.84,13755.5,12830.93,13511.34,12825.23,11413.1,10386,9937.55,10316.83,9244.33,8707.79,8507.29,8298.5,8717.25,8878.86,8660.35,8928.35,10262.86,10335.99,10191.78,10259.74,11128.91,10972.28,9971.46,10643.3,10204.66
"Oil; Average of U.K. Brent, Dubai, and West Texas Intermediate (USD)",42.89,44.56,50.93,50.64,47.81,53.89,56.37,61.87,61.65,58.19,54.98,56.47,62.36,59.71,60.93,68,68.61,68.29,72.51,71.81,61.97,57.95,58.13,61,53.4,57.58,60.6,65.1,65.1,68.19,73.67,70.13,76.91,82.15,91.27,89.43,90.82,93.75,101.84,109.05,122.77,131.52,132.55,114.57,99.29,72.69,54.04,41.53,43.91,41.76,46.95,50.28,58.1,69.13,64.65,71.63,68.38,74.08,77.56,74.88,77.12,74.72,79.3,84.14,75.54,74.73,74.52,75.88,76.11,81.72,84.53,90.07,92.66,97.73,108.65,116.32,108.18,105.85,107.88,100.45,100.83,99.92,105.36,104.26,106.89,112.7,117.79,113.75,104.16,90.73,96.75,105.28,106.32,103.39,101.17,101.17,105.04,107.66,102.61,98.85,99.35,99.74,105.21,108.06,108.78,105.46,102.58,105.49,102.25,104.82,104.04,104.94,105.73,108.37,105.22,100.05,95.89,86.13,76.96,60.55,47.45,54.93,52.83,57.42,62.5,61.3,54.43,45.72,46.29,46.96,43.13,36.56,29.92,31.05,37.34,40.75,45.98,47.69,44.22,44.84,45.06,49.29,45.28,52.61,53.63,54.36,50.91
"Crude Oil (petroleum),  Dated Brent, light blend 38 API, fob U.K., US$ per barrel (USD)",44.28,45.56,53.08,51.86,48.67,54.31,57.58,64.09,62.98,58.52,55.53,56.75,63.57,59.92,62.25,70.44,70.19,68.86,73.9,73.61,62.77,58.38,58.48,62.31,54.3,57.76,62.14,67.4,67.48,71.32,77.2,70.8,77.13,83.04,92.53,91.45,91.92,94.82,103.28,110.44,123.94,133.05,133.9,113.85,99.06,72.84,53.24,41.58,44.86,43.24,46.84,50.85,57.94,68.59,64.92,72.5,67.69,73.19,77.04,74.67,76.37,74.31,79.27,84.93,76.25,74.84,74.74,76.69,77.79,82.92,85.67,91.8,96.29,103.96,114.44,123.15,114.46,113.76,116.46,110.08,110.88,109.47,110.5,107.97,110.99,119.7,124.93,120.59,110.52,95.59,103.14,113.34,113.38,111.97,109.71,109.64,112.93,116.46,109.24,102.88,103.03,103.11,107.72,110.96,111.62,109.48,108.08,110.63,107.57,108.81,107.41,107.88,109.68,111.87,106.98,101.92,97.34,87.27,78.44,62.16,48.42,57.93,55.79,59.39,64.56,62.35,55.87,46.99,47.23,48.12,44.42,37.72,30.8,33.2,39.07,42.25,47.13,48.48,45.07,46.14,46.19,49.73,46.44,54.07,54.89,55.49,51.97
"Oil; Dubai, medium, Fateh 32 API, fob DubaiCrude Oil (petroleum), Dubai Fateh Fateh 32 API, US$ per barrel (USD)",37.81,39.82,45.58,47.1,45,50.98,52.85,56.63,56.54,53.67,51.31,53.13,58.31,57.58,57.65,64.06,64.91,65.08,69.05,68.78,59.77,56.5,56.82,58.67,52.01,55.68,59.05,63.84,64.54,65.76,69.46,67.21,73.25,77.14,86.73,85.75,87.17,89.96,96.78,103.47,118.95,127.59,131.22,113.21,95.97,68.62,51.38,41,44.97,43.14,45.58,50.18,57.4,69.21,64.97,71.32,67.91,73.28,77.63,75.49,76.64,73.55,77.37,82.98,76.62,73.98,72.65,74.35,75.29,80.34,83.74,89.18,92.19,99.88,108.58,115.76,108.84,107.52,109.98,104.96,106,103.88,108.52,106.21,109.54,116.15,122.28,117.38,107.45,94.24,99.22,108.39,110.96,108.68,107.1,105.67,107.54,111.22,105.48,101.66,100.3,100.33,103.36,106.66,108.4,106.39,105.85,107.94,104.19,104.94,104.15,104.78,105.51,108.01,105.71,101.85,96.99,86.72,76.73,60.39,46.34,56.15,54.91,58.67,63.67,61.76,56.27,47.3,46.14,46.55,42.32,34.7,27.25,29.61,35.17,39.04,43.96,45.83,42.71,43.64,43.82,48.26,43.78,51.76,53.43,54.17,51.16
"Crude Oil (petroleum), West Texas Intermediate 40 API, Midland Texas, US$ per barrel (USD)",46.82,47.96,54.17,52.96,49.81,56.39,58.67,64.96,65.54,62.36,58.28,59.41,65.48,61.62,62.89,69.54,70.93,70.93,74.4,73.04,63.82,58.85,59.13,62,54.24,59.25,60.6,63.94,63.45,67.49,74.14,72.38,79.91,85.9,94.76,91.36,92.98,95.38,105.47,112.62,125.37,133.93,133.38,116.64,103.94,76.61,57.29,41.44,41.74,39.15,47.98,49.81,59.12,69.58,64.14,71.06,69.44,75.77,78,74.49,78.34,76.3,81.25,84.5,73.74,75.35,76.16,76.6,75.26,81.9,84.19,89.22,89.51,89.37,102.92,110.04,101.25,96.25,97.19,86.32,85.62,86.41,97.07,98.61,100.15,102.26,106.15,103.28,94.51,82.36,87.89,94.11,94.61,89.52,86.69,88.19,94.65,95.3,93.12,92.02,94.72,95.79,104.55,106.55,106.31,100.5,93.81,97.9,95,100.7,100.57,102.18,102,105.24,102.99,96.38,93.35,84.4,75.7,59.1,47.6,50.72,47.78,54.2,59.26,59.8,51.16,42.86,45.48,46.2,42.65,37.24,31.7,30.35,37.77,40.96,46.85,48.75,44.89,44.75,45.17,49.89,45.62,52.01,52.56,53.4,49.58
"Olive Oil, extra virgin less than 1% free fatty acid, ex-tanker price U.K., US$ per metric tonne (USD)",5351.37,5579.55,5645.16,5619.99,5487.49,5371.33,5239.17,5590.13,5669.46,5652.39,5727.45,5296.38,5751.19,5820.51,5744.85,5583.08,5853.98,5474.81,5513.21,5575.76,5474.18,5239.93,5060.34,4760.48,4490.58,4567.09,4749.46,4875.67,4733.69,4533.84,4426.95,4318.67,4384.62,4458.76,4650.51,4542.47,4559.2,4592.3,4774.31,4643.6,4523.49,4260.21,4323.35,4095.05,3914.53,3660.85,3307.33,3355.21,3288.71,3168.83,3059.75,3087.67,3151.85,3433.52,3528.36,3710.67,3947.33,3930.53,3954.23,3850.54,3722.44,3484.17,3349.5,3292.57,3011.23,2925.8,2934.73,3087.55,3068.01,3093.28,3081.94,3003.96,2989.8,3054.1,3098.5,3226.28,3164.79,3097.34,3072,3118.7,3013.48,3013,3031.8,2964.26,2874.33,2911.4,2899.44,2921.46,2874.62,2780.67,2817.79,3080.96,3728.48,3753.78,3574.67,3410.62,3964.52,4085.53,3964.59,3928.94,3778.84,3823.82,3762.89,3736.36,3785.08,3676.27,3680.05,3613.35,3628.5,3576.2,3592.27,3602.34,3631.68,3756.42,4014.96,4142.29,4209.05,4025.37,4281.95,4480.05,4480.81,4692.23,4531.82,4605.58,4967.3,5022.97,5289.66,5886.21,5673.2,5171.03,4613.69,4190.16,4395.28,4545.7,4315.4,4231.79,4129.97,4014.13,3851.09,3879.08,3980.07,3660.59,3928.02,3992.51,4152.22,4424.23,4434.15
"Oranges, miscellaneous oranges CIF French import price, US$ per metric tonne (USD)",640.12,742.36,1109.06,1174.97,1095.68,934.69,748.69,757.4,749.03,815.14,879.53,849.42,849.75,821.46,808.86,800.33,800.19,665.84,734.4,830.84,878.63,1036,931.12,792.8,797.09,841.82,811.34,855.84,886.84,935.34,1142.48,1231.13,1032.22,974.51,1045.7,925.87,1029.65,1049.03,1230.77,1233.72,1317.69,1414.43,1431.69,1131.85,923.97,909.83,853.34,761.72,782.89,766.46,847.05,904.52,888.24,816.12,715.36,836.29,1030.95,1152.61,1154.41,1013.58,1089.26,981.59,954.72,994.73,1054.71,1201.27,1302.41,1139.33,1046.85,1086.32,823.35,723.89,734.61,884.96,852.44,880.97,836.41,916.4,971.56,948.83,1194.94,1032.7,681.65,757.73,730.58,778.64,802.57,822.89,755.83,952.76,1015.16,970.39,1000.89,980.85,846.84,758.09,750.03,819.58,908.1,980.49,1057.01,1157.65,1121.23,1190.81,1119.72,997.26,766,739.98,753.15,770.93,808.11,846.89,834.98,834.56,783.04,768.17,771.03,732.15,717.87,769.23,758.02,704.17,633.29,612.13,608.64,629.9,640.11,684.28,631.91,660.69,768.49,768.7,689.41,691.37,677.83,713.8,764.74,875.45,967.76,959.24,1050.65,1064.66,1137.77,1076.99,935.01,902.59,921.26
"Palm oil, Malaysia Palm Oil Futures (first contract forward) 4-5 percent FFA, US$ per metric tonne (USD)",346.63,347.57,374.83,375.84,370.16,369.64,369.6,360.3,369.98,382.82,375.97,368.9,377.92,390.63,383.36,386.41,394.52,386.18,404.02,434.48,416.94,422.32,476.74,528.24,550.78,553.75,566.39,645.41,740.63,748.43,764.47,729.56,745.18,824.07,877.34,883.45,987.02,1109.5,1146.86,1083.48,1086.83,1096.39,1026.25,791.77,667.04,486.4,433.1,440.38,522.15,529.4,557.21,693.21,772.39,690.82,601.95,686.79,636.42,636.56,674.33,727.6,742,754.32,793.9,798.53,775.57,764.91,774.5,865.23,884.89,935.22,1059.01,1171.22,1238.57,1248.55,1142.23,1123.79,1143.44,1075.91,1033.57,1047.51,995.18,914.44,985.77,969.07,1020.54,1047.69,1105.74,1157.45,1031.12,927.63,952.54,930.61,879.53,768.09,743.13,713.94,776.54,792.38,771.87,756.46,763.38,763.04,729.86,722.84,725.8,762.62,810.3,795.27,769.34,811.2,860.52,825.32,800.29,758.47,752.89,677.86,656.98,673.09,662.4,624.54,641.6,634.38,607.65,591.79,601.4,606.4,575.68,484.68,483.49,530.25,503.16,520.6,531.62,595.9,633.07,680.38,644.56,618.45,584.19,664.38,692.41,651.45,670,711.76,726.49,706.79,663.3
"Swine (pork), 51-52% lean Hogs, U.S. price, US cents per pound. (USD)",72.08,69.23,69.45,69,74.92,67.47,67.52,69.66,67.45,64.88,59.88,60.7,55.84,58.43,58.68,55.96,66.23,74.38,70.1,71.93,67.91,64.32,62.12,60.59,59.54,65.68,61.53,65.42,73.51,74.06,70.81,70.36,63.15,56.69,49.95,53.28,49.76,57.86,53.24,61.15,78.11,73.9,76.08,84.56,71.16,63.67,52.6,53.7,55.99,57.37,57.35,57.89,58.72,56.96,57.88,49.56,50.62,50.95,54.18,61.85,67.34,66.19,70.93,77.58,85.29,78.72,78.8,83.15,81.93,71.15,63.48,68.81,75.04,83.22,80.83,92.06,92.45,94.55,96.92,103.02,88.55,92.48,85.7,83.93,84.13,86.41,84.69,79.85,79.15,91.87,94.47,86.38,68.77,79.72,77.9,80.22,82.79,83.08,73.36,77.95,89.17,98.1,98.45,96.12,91.73,87.76,81.5,78.57,78.85,86.35,113.21,120.33,110.47,115.27,128.67,109.2,100.53,101.9,86.16,82.81,73,61.84,61.71,60.98,77.32,77.35,75.95,75.58,69.84,71.24,57.03,53.11,54.25,62.94,63.43,64.81,73.99,79.05,76.01,65.16,58.71,50.23,46.61,53.45,61.37,71.77,68.39
"Poultry (chicken), Whole bird spot price, Ready-to-cook, whole, iced, Georgia docks, US cents per pound (USD)",73.44,73.75,73.88,74,74.29,74.48,74.75,74.77,75.19,74.38,72.69,71.21,69.86,69.18,68.29,67.52,67.87,68.98,69.9,70.42,70.69,69.65,69,69.35,71.33,73.77,76.37,78.1,79.52,80.75,81.17,81.27,81.55,79.75,77.77,76.85,77.25,79.15,81.23,82.04,83.46,85.71,88.25,88.42,88.4,87.54,86.93,87.02,87.25,86.7,85.73,85.38,86.96,88.17,88.56,86.77,84.88,82.85,82.13,82.15,83.04,83.3,84,85.28,86.45,87.17,87.84,87.79,87.75,86.73,85.46,85.35,85,85.07,86.08,86.4,86.54,86.94,87.34,88.13,88.98,89,89.23,89.82,90.35,91.17,92.79,93.25,94.06,94.5,94.73,95.02,95.65,95.84,96.64,97.65,99.12,100.17,101.46,102.56,104.1,105.54,106.41,106.5,106.19,105.07,104.69,104.25,104.4,104.5,105.25,107.27,108.79,110.88,112.6,112.79,113.52,113.89,113.93,113.77,114.1,113.77,114.27,114.88,115.96,116,115.9,115.46,115,114.27,113.36,113.06,112.52,112.1,111.56,111.55,111.98,111.84,111.46,111.07,110.25,110.18,110.19,113.01,114.48,114.36,123.95
"Rice, 5 percent broken milled white rice, Thailand nominal price quote, US$ per metric tonne (USD)",288.38,292.35,295,299.14,295.27,287.05,278.71,283.48,287.41,290.71,278.95,277.27,284.45,296.4,297.74,298.5,301.26,305.59,312.43,313.39,312.9,309.64,300.59,309.29,313.48,316.05,326.18,322.29,320.61,326.29,332.55,331.48,330,335.3,356.5,378,393.48,481.14,672.64,1015.21,1009.32,834.6,799,737,722,624,563.25,550.75,615.25,634,625.25,577.25,540.75,548.6,623,576.25,593.67,566.25,566.25,606,598,584.75,540.13,502.23,472.48,458.55,470.68,486.86,519.95,533.13,543.14,536.78,528.38,532.8,508.96,500.57,500.55,518.09,546.19,577.3,615.55,602.14,609.09,580.91,541.06,547.48,577.05,585.95,612.43,606.14,578.36,582.87,590.5,584.74,590.73,565.52,573.39,574.07,564.52,553.73,552.09,546.25,538.26,503.82,470,453.26,448.81,447.55,441.04,447,434.14,409.94,403.59,414.67,428,440.38,436.5,432.7,419,410.74,409.68,409.5,400.73,392.41,382.43,370.55,387.74,375.57,358.77,360.45,358.38,354.35,359.48,373.19,370.48,376.05,408.82,420.68,456.24,414.22,384,367.67,360.82,367.55,372.55,368.5,367.78
"Singapore Commodity Exchange, No. 3 Rubber Smoked Sheets, 1st contract, US cents per pound (USD)",54.21,57.65,60.31,60.28,61.96,66.24,77.13,73.42,77.4,77.99,73.58,77.26,85.93,94.36,95.02,98.59,111.8,123.8,114.17,100.37,83.76,84.44,75.26,79.25,95.65,104.96,103.24,106.75,108.6,102.86,95.3,96.8,98.91,106.96,113.66,112.95,119.92,127.63,127.4,129.51,139.05,147.04,145.96,133.78,130.61,88.05,77.06,56.7,68.26,67.22,63.84,73.5,76.39,75.48,79.06,92.86,98.5,106.68,116.74,127.47,139.79,141.87,151.44,179.09,166.91,161.74,148.51,150.42,160.24,178.02,195.32,215.28,250.36,280.79,245.78,265.49,232.07,223.8,214.64,212.11,206.45,184.21,152.95,153.52,164.48,181.55,178.22,174.4,169.11,145.09,139.63,126.69,137.82,145.33,134.91,141.05,149.85,144.51,135.05,130.04,137.8,127.47,116.26,116.53,119.66,114.96,112.93,116.05,105.52,97.3,103.48,99.58,94.02,94.65,91.57,83.91,74.59,73.49,74.2,72.72,75.03,82.03,78.72,77.13,83.55,82.98,74.37,64.43,59.51,59,55.44,56.59,55.33,57.04,65.64,78.04,75.92,71.7,80.5,74.98,72.78,75.6,85.27,101.01,115.9,122.99,107.35
"Fish (salmon), Farm Bred Norwegian Salmon, export price, US$ per kilogram (USD)",3.69,3.89,3.98,3.98,4,4.18,4.38,4.34,4.18,4.08,3.92,4.13,4.03,4,4.62,5.43,6.17,6.68,6.14,5.83,4.72,4.3,4.31,4.51,4.46,4.62,4.7,4.78,4.43,4.22,4.35,4.73,4.58,4.48,4.5,4.67,4.81,4.74,5.22,5.12,5.31,5.15,5.62,5.37,4.96,4.16,3.82,3.9,4.11,4.12,4.48,4.8,5.44,5.5,5.77,4.99,5,4.81,5.01,5.05,5.15,5.54,5.99,6.48,6.34,5.96,6.28,6.46,6.14,6.32,6.09,7.02,6.74,7.08,7.28,7.92,7.17,6,5.7,5.23,4.71,4.13,4.38,4.56,4.31,4.93,4.95,5.08,4.99,4.45,4.44,4.74,4.59,4.52,4.72,5.5,6.25,6.57,6.53,7.24,7.31,6.98,7.27,6.69,5.62,6.32,6.41,7.91,8.06,7.79,7.43,7.56,7.07,6.19,6.39,5.93,5.49,5.37,5.75,6.15,5.95,5.58,5.14,5.12,5.12,5.16,5.29,5.45,5.03,5.02,5.02,5.79,6.45,6.14,6.91,7.11,7.27,7.67,8.01,7.06,6.67,7.21,7.32,7.86,8.64,7.88,7.2
"Hard Sawnwood, Dark Red Meranti, select and better quality, C&F U.K port, US$ per cubic meter (USD)",636.36,636.36,646.85,643.36,657.34,657.34,657.34,664.34,671.33,671.33,685.31,685.31,713.29,713.29,713.29,720.28,759.9,749.27,749.62,769.3,766.66,762.07,776.99,798.18,796.35,795.36,791.45,808.81,806.21,807.06,826.41,816.74,819.62,812.95,806.27,788.33,812.62,855.84,912.45,940.97,933.58,932.89,932.77,879.39,888.76,861.7,872.33,845.8,818.45,806.65,815.86,815.68,855.42,817.9,760.28,769.67,784.27,805.1,821.06,795.96,792.44,781,790.1,820.21,836.47,841.09,871.18,892.18,875.96,880.17,901.45,896.99,907.78,927.81,929.22,946.21,958.13,973.16,969.42,973.6,952.68,954.18,892.75,888.44,877,885.07,886.54,896.38,892.16,862.84,857.92,856.66,878.2,873.36,870.05,879.94,870.59,842.88,822,834.37,833.2,844.6,827.7,845.05,865.13,876.96,878.25,892.83,897.78,902.19,905.74,912.49,918.05,921.32,930.59,910.31,889,875.76,859.9,852.16,826.71,835.21,816.57,814.23,842.46,847.75,848.07,849.98,836.74,835.81,828.62,816.85,785.62,780.11,775.04,780,792.05,774.72,717.06,714.82,716.62,672.91,677.3,680.27,671.82,680.49,672.48
"Soft Sawnwood, average export price of Douglas Fir, U.S. Price, US$ per cubic meter (USD)",328.99,316.35,359.52,325.82,334.52,327.32,298.1,334.24,331.08,331.64,333.1,319.36,308.75,324.53,317.78,309.13,327.65,349.85,357.94,368.83,355.23,372.6,349.97,367.03,355.07,369.66,343.57,353.73,362.25,339.56,309.03,248.86,316.41,295.23,306.63,310.94,322.86,311.94,298.26,291.6,305.65,294.01,332.27,315.06,312.56,324.72,333.19,315.35,322.88,319.02,310.82,284.88,285.42,294.96,277.12,291.61,280.87,261.29,273.58,289.96,275.32,282.94,277.01,284.27,281.62,285.35,282.5,289.24,281.94,281.78,271.34,287.84,291.81,262.96,270.59,275.4,277.94,273.55,285.92,293.56,287.28,286.8,286.66,277.77,261.57,271.01,260.66,295.4,300.33,292.13,295.21,291.36,299.63,289.06,284.11,276.51,275.59,279.08,280.66,300.73,321.82,323.47,318.81,299.74,303.41,291.48,296.69,324.88,299.98,295.57,322.87,308.41,317.95,311.35,316.32,312.51,296.18,297.67,302.74,305.75,315.34,306.09,299.02,305.23,293.22,295.63,307.46,311.65,312.01,328.96,319.42,310.55,314.49,183.61,303.4,305.66,310.5,311.35,310.82,310.82,310.82,315.35,304.42,310.13,311.52,287.43,287.43
"Shrimp, No.1 shell-on headless, 26-30 count per pound, Mexican origina, New York port, US cents per pound (USD)",10.03,10.38,10.47,10.47,10.47,10.47,10.47,10.44,9.92,10.03,10.42,10.47,10.47,10.47,10.47,10.47,10.47,10.47,10.47,10.47,10.47,9.51,9.59,9.51,9.81,9.92,9.9,10.03,10.03,10.03,10.03,10.03,10.03,10.03,10.56,10.75,10.91,11.05,11.13,11.13,11.13,11,11,10.3,10.14,10.14,10.14,10.14,9.88,9.7,9.7,9.7,9.7,9.7,9.7,9.7,9.7,9.37,8.63,7.94,8.05,8.38,8.38,8.65,10.25,10.25,10.25,10.25,10.25,11.79,12.4,12.46,12.46,12.46,12.46,12.46,12.46,12.4,12.3,12.24,11.41,11.02,10.83,10.69,10.69,10.47,10.47,9.92,9.7,9.7,9.7,9.7,9.7,9.81,10.25,10.66,10.86,11.46,11.46,11.46,12.79,13.78,14.99,15.65,16.05,16.09,16.64,17.09,17.09,17.09,17.2,18.08,17.64,17.75,17.64,17.64,15.87,16.09,13.56,13.23,15.65,15.65,15.65,15.65,15.65,15.87,15.87,15.87,13.23,9.59,10.14,10.14,11.02,11.02,11.02,10.36,10.69,10.69,10.69,10.69,10.69,12.35,12.13,11.02,12.13,12.13,12.13
"Soybean Meal, Chicago Soybean Meal Futures (first contract forward) Minimum 48 percent protein, US$ per metric tonne (USD)",175.18,178.55,207.64,210.27,218.01,241.22,238.8,217.6,193.57,186.58,192.15,209.58,201.96,198.43,192.43,190.55,193.25,196.26,187.27,175.91,177.59,194.12,214.23,205.69,221.79,244.1,239.53,221.75,227.67,249.16,252.57,251.83,288.78,300.43,315.25,351.22,376.33,396.71,379.7,375.32,369.37,436.91,452.19,388.4,363.78,290.84,292.76,292.94,338.5,320.89,315.37,349.57,408.05,441.78,385.85,397.3,342.18,328.54,337.63,345.58,325.85,303.66,292.6,308.05,305.74,314.32,335.09,339.14,334.06,353.75,376.04,387.51,412.07,410.16,393.93,388.22,388.26,391.54,389.29,393.8,381.85,347.45,329.09,320.68,347.6,364.49,405.23,440.62,459.42,464.02,552.54,585.75,559.56,519.91,490.6,489.69,456.81,469.16,467.95,446.36,476.74,503.56,528.34,470.99,490.19,460.83,461.65,495,473.75,499.36,506.69,533.63,542.78,519.27,451.02,447.82,409.1,378.82,423.25,418.09,379.04,374.25,364.86,349.71,340.47,353.9,394.64,370.41,342.96,338.21,320.34,303.86,297.18,291.37,296.18,327.7,407.5,443.41,403.28,364.48,342.25,337.12,345.7,345.84,364.71,371.37,356.89
"Soybean Oil, Chicago Soybean Oil Futures (first contract forward) exchange approved grades, US$ per metric tonne (USD)",434.82,443.26,513.1,498.62,501.41,529.74,546.91,504.88,496.88,523.29,490.06,466,482.97,497.64,515.9,518.43,557.36,550.12,586.78,562.53,534.28,559.71,623.61,628.61,635.6,664.88,679.52,714.11,756.06,782.92,819.15,797.09,852.71,879.88,987.96,1027,1143.05,1307.75,1321.27,1292.08,1330.47,1414.42,1372.27,1163.78,1042.09,808.76,728.52,680.97,754.73,702.22,694.16,787.3,845.24,831.6,750.65,809.67,749.4,797.62,854.24,867.4,838.22,840.42,869.39,868.1,832.68,820.99,836.74,895.28,929.65,1034.85,1123.3,1208.33,1257.14,1268.35,1245.1,1279.14,1255.67,1250.06,1242.1,1225.27,1218.86,1126.77,1118.32,1103.04,1131.77,1170.22,1196.53,1232.58,1134.58,1097.8,1175.27,1188.51,1213.3,1119.92,1071.76,1088.78,1122.83,1131.98,1102.89,1086.75,1082.78,1058.59,1000.84,944.27,934.97,897.66,897.31,872.47,831.35,873.66,928.54,934.1,893.53,871.57,813.86,745.84,711.74,721.38,721.4,705.56,707.88,697.94,683.43,691.67,716.49,738.04,695.79,628.75,590.25,623.81,614.74,677.2,659.9,686.9,713.86,748.53,707.03,703.6,669.86,711.74,722.61,757.26,772.41,800.26,771.88,742.92,723.4
"Soybeans, U.S. soybeans, Chicago Soybean futures contract (first contract forward) No. 2 yellow and par, US$ per metric tonne (USD)",195.66,197.59,233.18,228.76,233.46,254.74,253.35,230.43,212.02,211.17,210.7,216.54,214.01,214.37,212.71,208.9,217.36,216.5,217.25,203.84,199.31,217.89,244,243.31,255.87,278.04,276.96,270.39,283.21,302.83,313.48,309.01,347.56,358.4,389.02,423.08,461.72,508.22,495.69,482.79,489.09,552.47,554.15,471.07,437.84,338.78,329.14,318.81,364.72,341.27,333.66,374.47,422.28,445.15,398.16,408.96,349.05,354.86,370.71,379.3,358.97,344.66,348.95,357.65,349.06,348.51,370.98,379.46,390.23,427.18,459.96,483.76,511.1,512.05,498.74,501.47,498.77,499.77,501.83,501.42,490.91,446.02,428.83,420.05,441.73,461.56,496.29,529.42,520.93,522.33,609.45,622.91,615.18,565.53,533.03,534.79,526.05,536.38,536.08,517.79,542.2,560.16,548.35,498.05,503.24,472.83,476.66,488.67,476.1,496.8,522,547.19,546.03,528,463.23,432.99,368.85,354.44,379.34,378.78,367.49,364.74,359.6,356.93,351.95,354.82,372.35,347.02,323.55,327.42,319.08,323.32,323.2,320.13,326.94,353.8,388.51,421.23,390.4,370.32,355.9,358.39,368.37,375.29,379.59,380.87,366.1
"Sugar, European import price, CIF Europe, US cents per pound (USD)",31.23,31.39,31.69,31.51,30.89,30.24,29.11,29.82,30.07,29.33,28.86,29.02,29.37,29.07,28.99,29.37,31.09,30.65,30.67,31.47,31.37,31.18,31.79,32.66,32.58,32.54,32.38,33.09,32.98,33.02,33.81,33.41,33.53,33.98,34.43,33.65,32.75,32.65,33.32,32.94,32.68,32.66,33.07,31.43,29.88,28.14,25.54,24.73,23.98,23.95,23.59,24.44,25.63,27.2,27.19,27.52,27.17,26.91,27.58,27.01,26.89,25.97,25.02,25.48,24.34,24.54,25.43,26.04,25.9,26.37,26.6,25.97,26.23,26.81,26.88,27.18,27.14,26.96,26.81,27.23,26.25,26.21,26.34,25.95,25.81,26.27,26.3,26.61,26.47,25.88,25.92,26.13,26.8,26.74,26.55,26.84,26.55,25.74,25.06,25.45,25.45,25.74,25.26,25.76,26.39,26.77,26.74,27.23,27.39,27.5,27.64,27.83,28.01,28.11,28.39,27.77,27.1,26.71,26.25,26.02,25.17,25.49,24.91,24.85,25.73,25.87,25.87,25.95,25.54,25.5,25.3,24.93,23.95,23.77,23.66,23.8,24.15,23.64,21.87,21.81,21.85,20.53,20.67,20.79,20.53,20.76,20.51
"Sugar, Free Market, Coffee Sugar and Cocoa Exchange (CSCE) contract no.11 nearest future position, US cents per pound (USD)",8.92,9.32,8.9,8.53,8.51,9.03,9.6,9.88,10.81,11.61,11.81,13.93,16.19,18.05,17.08,17.46,16.9,15.69,15.86,12.98,12.31,11.51,11.73,11.7,10.9,10.57,10.37,9.59,9.09,9.26,9.9,9.61,9.85,9.99,9.9,10.45,11.66,13.61,12.88,12.52,10.93,12.07,13.21,13.68,14.02,11.7,11.83,11.32,12.24,13.31,12.93,13.47,15.47,16.58,17.8,21.72,23.45,23.16,22.77,24.9,21.91,21.98,18.15,16.89,15.11,16.3,17.69,18.6,22.67,26.94,26.42,28.04,29.74,29.31,25.9,23.9,21.84,24.92,29.47,28.87,26.64,26.3,24.52,23.42,24.02,23.42,23.79,22.48,20.27,20.1,22.76,20.56,20.21,20.39,19.31,19.2,18.85,18.21,18.34,17.66,17.43,16.96,17.1,17.24,17.62,18.81,17.75,16.54,15.71,16.89,17.89,18.21,18.24,18.24,18.73,17.72,16.54,16.48,15.88,14.99,15.06,14.51,12.84,12.91,12.7,12.11,11.88,10.67,12.14,14.14,14.89,15,14.29,13.29,15.44,15.22,16.7,19.44,19.69,20.01,21.94,22.92,20.87,18.83,20.54,20.35,18.06
"Sugar, U.S. import price, contract no.14 nearest futures position, US cents per pound (Footnote: No. 14 revised to No. 16) (USD)",20.62,20.36,20.6,21.21,21.89,21.04,20.69,20.49,20.81,21.72,21.64,21.74,23.38,24.13,23.06,23.59,23.43,23.32,22.3,21.39,21.16,20.32,19.76,19.59,19.91,20.73,20.83,20.91,21.01,21.32,21.12,21.8,21,20.28,20.04,20.21,20.26,20.21,20.64,20.54,20.83,21.9,23.18,23.15,22.94,21.62,20.62,20,20.57,19.94,20.46,21.77,22.07,22.47,23.02,25.04,27.34,28.37,29.46,31.53,29.91,29.62,27.73,26.15,25.33,27.61,29.21,31,35.22,34.74,38.09,38,39.67,40.37,36.11,35.76,34.2,35.12,37.89,39.61,39.28,38.2,38.11,36.56,35.36,33.99,33.48,31.93,30.37,28.89,28.71,28.83,25.76,24.15,22.71,22.56,22.59,21.85,21.54,20.73,20.31,19.61,20.46,21.36,21.58,22.19,21.61,20.75,21.58,22.6,23.01,24.65,25.16,25.96,26.15,26.57,26.69,26.61,24.6,24.81,25.24,24.62,24.4,24.39,24.72,24.76,24.67,24.5,24.43,25.04,25.61,25.83,25.83,25.5,26.32,27.9,27.25,27.39,28.15,28.54,27.95,28.23,28.76,29.29,29.01,30.4,29.83
"Sunflower oil, Sunflower Oil, US export price from Gulf of Mexico, US$ per metric tonne (USD)",1088.67,1095.1,1164.57,1161.29,1160.86,1152,1152,1152,1152,1152,1152,1152,1090.91,715.3,693.87,673.25,673,673,673,673,673,673,673,673,673,673,673,673,673,673,673,673,673,673,673,673,673,673,1303.1,2177.36,2214.55,2300.19,2267.74,2060.24,1948.82,1724.39,1624.4,1357,1211.36,1038.1,831.41,929.05,1043.81,1115.55,1021.87,1078.9,1021.41,1005.23,1070.43,1132.91,1113.62,1091.4,1105.22,1132.77,1102.52,1090.32,1094.77,1140.05,1195.18,1304.14,1395.77,1466.26,1528.95,1591.5,1576.96,1691.76,1701.18,1700.86,1676.43,1666.04,1672.77,1565.19,1554.77,1535.64,1553.41,1441,1441,1441,1441,1441,1505.54,1549.86,1582.85,1483.16,1483.03,1510.91,1506.78,1512.6,1462.01,1439.23,1466.97,1470.57,1375.48,1152.39,1158.38,1187.13,1192.4,1169.18,1110.12,1137.04,1152.09,1125.1,1127.28,1112.06,1061.82,992.55,983.05,1044.73,1068.89,1049.03,1004.2,960.52,957.26,1002.01,1081.89,1102.86,1069.26,980.25,981.68,1059.05,1045.01,1022.14,1020.14,1039.58,1013.92,1028.43,1040.22,1017.3,975.11,981.94,989.05,998.41,1000.49,1012.25,980.86,966.97,936.78
"Tea, Mombasa, Kenya, Auction Price, US cents per kilogram, From July 1998,Kenya auctions, Best Pekoe Fannings. Prior, London auctions, c.i.f. U.K. warehouses (USD)",236.67,258.1,241.52,190.71,200.32,223.41,201.38,211.83,224.41,211.57,194.77,201.86,225,278.9,259.74,230.45,238.26,250.14,263.81,247.22,229.81,224.27,213.23,239.57,249.7,212.5,203.27,192.05,190.04,202.05,211.91,210.39,231.25,224.3,209.64,206.05,229.7,264.67,246.29,260.91,265.14,284.52,287.48,321.9,321.59,282.39,241,228.48,261.59,270,262.86,277.41,288,287.14,337.65,328.38,374.41,344.77,361.05,374.22,338.67,332.35,332.61,313.59,286.14,262.36,259.18,315.09,337.18,339.86,331.68,352.13,368.1,349.75,330.65,325.33,327.68,334.05,356.14,358.17,362.27,357.14,351.27,333.36,337.27,341,341,341,341,341,345.59,353.18,358.23,368.16,368.11,351.44,338.87,320.9,297.4,266.31,272.37,258.71,256.16,248.04,230.49,221.72,235.26,245.69,249,256.98,237.73,223.41,219.52,223.7,232.39,235.78,232.95,256.19,243.34,243.31,269.62,296.35,307.56,290.74,313.81,355.88,403.03,387.33,371.21,391.84,353.77,343.49,319.83,287.26,263.71,237.99,247.26,268.91,280.12,275.92,297.97,304.93,328.6,336.66,368.73,382.87,356.1
"Tin, standard grade, LME spot price, US$ per metric tonne (USD)",7705.65,8106.33,8442.24,8133.81,8099.25,7604.36,7180.93,7228.14,6770.58,6415.48,6173.72,6762.5,7067.36,7788.87,7949.02,8859.66,8793.17,7858.77,8356.44,8436.68,8975.02,9809.5,10038.41,11125.95,11331.45,12890.2,13787.25,13952.84,14162.14,14078.83,14732.73,15046.98,14989.05,16068.35,16660.77,16244.72,16310.93,17269.81,19799.08,21646.02,23853.6,22133.43,22955.63,19935,18306.59,14423.35,13674.15,11292.14,11563.33,11074.78,10689.41,11830.2,13871.83,15009.07,13903.59,14761.65,14936.23,15037.41,14966.14,15588.69,17710.2,16352.3,17509.13,18634.6,17565.03,17257.73,18206.52,20733.07,22694.36,26237.1,25403.09,26103.86,27439.35,31619.65,30590.93,32347.69,28571.4,25519.68,27398.1,24056.73,22526.6,21868.64,21291.7,19386.91,21547.7,24293.31,22985.43,22114.53,20295.34,19255.39,18546.09,18675.56,20771.26,21233.7,20713.07,22880.89,24598.9,24211.74,23302,21589.64,20781.62,20267.4,19563.83,21638.21,22735.07,23101.59,22826.88,22762.13,22063.86,22820.68,23024.31,23405.2,23271.25,22762,22424.01,22231.05,21090.52,19830.41,20033.48,19829.71,19454.12,18233.91,17421.91,15900.88,15803.59,15064.94,15071.53,15163.78,15453.34,15794.61,14745.29,14691.69,13808.08,15610.14,16897.6,17032.71,16706.95,16966.69,17826.23,18427.02,19499.52,20099.76,21126.09,21204.35,20691.79,19446.48,19875.2
"Uranium, NUEXCO, Restricted Price, Nuexco exchange spot, US$ per pound (USD)",20.54,21.2,21.84,23.14,28.25,29,29.28,29.65,30.43,32.75,33.56,35.53,36.75,37.69,39.77,41.1,42.28,44.17,46.5,47.44,52.44,56.06,61.44,66.57,72,76.25,89.44,110.43,119.11,136.22,131.5,109.6,85,77.5,92,91.8,87.56,76,73.71,69.44,61.67,59,61.84,64.5,63,48.6,50.5,54.33,51.44,47,43.38,41.72,48.56,51.5,49.7,47.19,44.28,46.11,44.75,44.44,43.83,42.1,40.91,41.33,41.3,40.78,41.94,46.06,46.67,48.83,57.16,60.63,63.88,65,63.5,57.82,56.06,55.4,52.79,50.68,51.98,52.34,53.19,52.18,52.31,52.06,51.29,51.3,51.89,50.83,50.36,49.25,47.73,44.61,41.5,43.67,42.75,43.41,42.28,41.41,40.61,39.94,38.02,34.99,34.45,34.85,35.59,34.59,35.21,35.55,34.7,32.74,28.54,28.23,28.4,30.83,34.37,35.75,40.6,36.95,36.13,38.15,39.41,38.66,35.59,36.14,36.04,36.13,36.9,36.96,35.93,35.1,34.62,33.62,29.61,27.59,27.79,27.15,25.94,25.87,24.66,21.19,18.5,19.15,22.09,25.33,24.55
"Wheat, No.1 Hard Red Winter, ordinary protein, FOB Gulf of Mexico, US$ per metric tonne (USD)",122.39,123.13,130.63,120.06,119.15,122.47,132.78,131.56,137.21,142.94,136.35,139.93,144.04,158.88,155.79,159.54,176.6,176.92,181.35,165.13,164.94,182.42,179.61,177.56,168.32,173.65,173.31,178.56,176.46,206.52,222,240.69,290.27,303.63,279.47,309.74,317.57,381,403.81,326.85,281.26,314.16,291.76,304.14,256.69,199.33,184.21,182.66,211.28,191.24,199,200.74,222.54,222.66,192.59,179.55,156.34,163.54,173.4,168.45,166.47,161.53,156.31,158.06,158.68,149.2,182.65,219.82,239.18,234.47,241.75,265.9,297.11,311.03,288.59,308.85,300.71,285.27,271.46,290.29,275.64,251.59,241.3,238.02,241.07,244.96,243.49,228.56,231.14,241.91,309.73,315.38,316.57,318.38,319.4,302.85,288.07,279.02,263.21,264.04,277.06,266.8,257.36,258.79,259.74,271.99,259.1,243.84,228.21,242.76,275.57,273.47,287.85,261.59,238.53,229.1,211.16,212.78,215.95,232.97,210.61,201.71,202.68,195.9,193.15,199.82,199.2,173.47,163.83,165.39,157.74,163.79,164.56,159.25,164.03,163.36,157.53,156.65,133.62,127.9,123.2,122.52,122.51,122.8,137.09,147.31,146.39
"Wool, coarse, 23 micron, Australian Wool Exchange spot quote, US cents per kilogram (USD)",556.94,549.33,545.18,543.69,543.49,553.32,563.57,531.87,517.85,500.83,481.51,479.73,496.6,520.76,528.71,515.46,522,515.63,522.87,534.29,521.83,524.66,640.02,644.21,715.51,706.96,724.75,742.55,788.25,787.58,761.64,732.83,765.24,807.45,828.19,817.45,840.86,843.77,835.3,823.97,781.49,778.46,793.63,717.57,656.35,510.28,450.98,477.83,464.59,449.72,460.47,516.6,599.31,609.15,609.3,655.49,690.91,743.59,756.8,780.4,842.89,818.02,850.47,817.36,764.57,762.81,779.24,788.43,790.39,853.99,889.49,883.84,1011.45,1060.91,1243.76,1310.07,1302.03,1385.67,1362.27,1249.79,1199.48,1072.03,1148.83,1164.09,1274.53,1402.79,1336.72,1288.53,1237.63,1203.41,1225.79,1133.9,1054.3,1078.68,1106.59,1207.95,1238.22,1236.2,1208.06,1105.22,1085.54,1084.55,998.83,996.24,1123.44,1165.23,1149.77,1146.37,1116.77,1086.85,1047.24,1056.87,1065.38,1053.82,1056.06,1031.31,987.68,958.93,968.43,935.62,899.39,892.44,871.16,883.14,976.34,1028.57,944.35,979.28,902.51,884.88,902.05,909.91,930.92,957.27,992.02,1019.69,986.58,996.53,1088.59,1094.92,1059.25,1037.35,1019.21,1002.56,1027.72,1029.58,1059.6
"Wool, fine, 19 micron, Australian Wool Exchange spot quote, US cents per kilogram (USD)",730.77,734.66,728.58,729.18,717.13,684.6,692.06,668.84,647.4,622.57,593.69,583.24,639.17,709.73,698.75,697.7,732.25,714.49,704.85,717.56,704.91,690.74,790.34,790.69,893.66,875.62,914.02,940.37,989.08,987.73,936.34,914.11,943.08,1080.64,1102.71,1097.26,1157.37,1154.25,1136,1133.42,1062.44,1041.1,1047.97,941.71,896.79,734.91,646.17,666.39,625.45,586.26,617.15,686.86,761.34,741.73,763.62,822.57,867.58,944.85,953.95,970.08,1001.54,972.9,1004.69,992.28,919.88,919.52,918.35,935.59,988.23,1084.72,1274.93,1266.17,1549.4,1633.11,1702.98,1743.67,1792.97,1865.44,1786.85,1655.59,1593.2,1431.33,1469.25,1434.37,1503.94,1560.82,1539.52,1441.5,1340.3,1285.42,1291.24,1212.89,1149.49,1204.76,1259.3,1354.8,1388.63,1374.59,1324.09,1208.59,1158.03,1117.67,1025.28,1030.63,1159.01,1198.72,1189.59,1198.15,1147.24,1117.21,1077.57,1088.02,1096.85,1073.17,1078.15,1069.75,1056.5,1044.01,1041.97,1002.13,967.03,946.91,929.45,986.76,1114.58,1137.8,1009.65,1022.68,966.74,956.06,1003.06,1028.32,1014.23,1017.06,1039.01,1087.92,1096.27,1094.21,1133.58,1142.07,1147.4,1188.1,1189.28,1196.96,1289.97,1368.14,1454.83
"Zinc, high grade 98% pure, US$ per metric tonne (USD)",1245.55,1323.11,1373.96,1297.81,1245.54,1273.12,1196.86,1300.75,1396.66,1483.22,1610.65,1819.36,2091.77,2219.75,2427.66,3068.34,3544.64,3197.59,3320.74,3339.97,3394.06,3829.6,4378.61,4381.45,3784.86,3321.38,3256.18,3566.86,3847.52,3628.65,3546.3,3244.17,2887.6,2979.99,2554.6,2378.6,2364.41,2458.48,2511.18,2278.51,2178.33,1906.17,1856.45,1734.65,1744.52,1303,1169.36,1112.9,1202.52,1118,1223.22,1388.14,1491.89,1555.46,1582.85,1818.01,1879.15,2070.84,2196.55,2374.04,2414.69,2158.82,2277.29,2367.53,1969.82,1746.51,1847.03,2047.48,2150.94,2373.56,2283.3,2287.32,2375.81,2473.45,2341.48,2371.48,2159.6,2234.47,2397.75,2199.24,2075.22,1871.42,1935.32,1911.15,1989.23,2057.79,2035.93,2002.68,1928.01,1855.93,1847.75,1816.32,2009.85,1903.96,1912.4,2040.43,2031.41,2128.69,1929.15,1855.6,1831.01,1839.01,1837.62,1896.39,1846.88,1884.84,1866.42,1974.98,2036.93,2034.53,2007.9,2027.21,2058.98,2128.1,2310.62,2326.99,2294.59,2276.83,2253.23,2175.76,2113.05,2097.76,2028.73,2212.73,2281.8,2082.09,2000.68,1807.64,1720.23,1724.34,1583.31,1527.79,1520.36,1709.85,1801.69,1855.37,1869.03,2026.19,2183.25,2279.14,2292.31,2311.5,2566.2,2664.81,2714.8,2845.55,2776.88
 , , , , , , , , , , , , , , , , , , , , , , , , , , , , , , , , , , , , , , , , , , , , , , , , , , , , , , , , , , , , , , , , , , , , , , , , , , , , , , , , , , , , , , , , , , , , , , , , , , , , , , , , , , , , , , , , , , , , , , , , , , , , , , , , , , , , , , , , , , , , , , , , , , , 
